{
	"class_name" : "PinholeCameraParameters",
	"extrinsic" : 
	[
		0.76767283889709137,
		0.63664307369850004,
		-0.07323939603387529,
		0.0,
		0.49643819660056693,
		-0.5185219290885672,
		0.696192592613745,
		0.0,
		0.40524995913097572,
		-0.57080697767809152,
		-0.71410914071894172,
		0.0,
		-442.7997335785991,
		26.218238429722248,
		466.50776318639373,
		1.0
	],
	"intrinsic" : 
	{
		"height" : 1016,
		"intrinsic_matrix" : 
		[
			879.88181024498977,
			0.0,
			0.0,
			0.0,
			879.88181024498977,
			0.0,
			927.5,
			507.5,
			1.0
		],
		"width" : 1856
	},
	"version_major" : 1,
	"version_minor" : 0
}